0,0,27311965,0.0164376,12545,6328,6218,0.000318826,670120
0,1,27311965,0.0132817,12545,6328,6218,0.000318826,12431
0,2,27311965,0.0172182,12545,6328,6218,0.000318826,670120
0,3,27311965,0.0133776,12545,6328,6218,0.000318826,12439
0,4,27311965,0.0101216,12545,6328,6218,0.000318826,1381618
0,5,27311965,0.0023497,12545,6328,6218,0.000318826,24900766
0,6,27311965,0.0231627,12545,6328,6218,0.000318826,12431
0,7,27311965,0.0187447,12545,6328,6218,0.000318826,12439
0,8,27311965,0.0565073,12545,6328,6218,0.000318826,12431
0,9,27311965,0.010132,12545,6328,6218,0.000318826,670120
0,0,2424142393,0.353896,262123,131315,130809,-0.0976123,65763647
0,1,2424142393,0.345713,262123,131315,130809,-0.0976123,1114389
0,2,2424142393,0.320752,262123,131315,130809,-0.0976123,65763647
0,3,2424142393,0.44061,262123,131315,130809,-0.0976123,1114389
0,4,2424142393,0.224455,262123,131315,130809,-0.0976123,130967699
0,5,2424142393,0.0685735,262123,131315,130809,-0.0976123,3265864614
0,6,2424142393,0.732358,262123,131315,130809,-0.0976123,1090559
0,7,2424142393,0.357966,262123,131315,130809,-0.0976123,1114389
0,8,2424142393,1.07274,262123,131315,130809,-0.0976123,65725741
0,9,2424142393,0.354514,262123,131315,130809,-0.0976123,65763647
0,0,135255832,0.0210095,23448,8794,11724,0.000227428,80700458
0,1,135255832,0.0247772,23448,8794,11724,0.000227428,79443803
0,2,135255832,18.0314,23448,8794,11724,0.000227428,79098458
0,3,135255832,33.3217,23448,8794,11724,0.000227428,77476829
0,4,135255832,0.0452819,23448,8794,11724,0.000227428,85411699
0,5,135255832,0.0044299,23448,8794,11724,0.000227428,139425181
0,6,135255832,0.0356136,23448,8794,11724,0.000227428,79439450
0,7,135255832,0.0472656,23448,8794,11724,0.000227428,79432373
0,8,135255832,0.0337223,23448,8794,11724,0.000227428,81073105
0,9,135255832,0.0222959,23448,8794,11724,0.000227428,80693862
0,0,3441022,0.0035877,3723,1467,1483,0.00171128,2064179
0,1,3441022,0.0037443,3723,1467,1483,0.00171128,2117109
0,2,3441022,5.13809,3723,1467,1483,0.00171128,2063478
0,3,3441022,41.5138,3723,1467,1483,0.00171128,2115760
0,4,3441022,0.0057929,3723,1467,1483,0.00171128,2338898
0,5,3441022,0.0012895,3723,1467,1483,0.00171128,3458916
0,6,3441022,0.0049313,3723,1467,1483,0.00171128,2116436
0,7,3441022,0.0046428,3723,1467,1483,0.00171128,2117111
0,8,3441022,0.0242986,3723,1467,1483,0.00171128,2070671
0,9,3441022,0.0046489,3723,1467,1483,0.00171128,2064179
0,0,4116182,0.0044075,4099,1608,1647,0.00154774,2527019
0,1,4116182,0.004268,4099,1608,1647,0.00154774,2580395
0,2,4116182,7.89626,4099,1608,1647,0.00154774,2526393
0,3,4116182,36.5109,4099,1608,1647,0.00154774,2578928
0,4,4116182,0.0051039,4099,1608,1647,0.00154774,2911213
0,5,4116182,0.0010751,4099,1608,1647,0.00154774,4207557
0,6,4116182,0.0282783,4099,1608,1647,0.00154774,2578848
0,7,4116182,0.0042104,4099,1608,1647,0.00154774,2580393
0,8,4116182,0.0068286,4099,1608,1647,0.00154774,2531125
0,9,4116182,0.0258843,4099,1608,1647,0.00154774,2527574
0,0,5910505,0.0155503,4890,1920,1998,0.00127471,3425062
0,1,5910505,0.0055539,4890,1920,1998,0.00127471,3550611
0,2,5910505,0.034365,4890,1920,1998,0.00127471,3426134
0,3,5910505,22.0148,4890,1920,1998,0.00127471,3548927
0,4,5910505,0.0355272,4890,1920,1998,0.00127471,3968472
0,5,5910505,0.0026183,4890,1920,1998,0.00127471,5918146
0,6,5910505,0.0087824,4890,1920,1998,0.00127471,3549613
0,7,5910505,0.0058433,4890,1920,1998,0.00127471,3550611
0,8,5910505,0.0093035,4890,1920,1998,0.00127471,3550520
0,9,5910505,0.0048921,4890,1920,1998,0.00127471,3425038
0,0,59666797,0.0077237,15362,847,839,0.0216173,1674033
0,1,59666797,0.0058524,15362,847,839,0.0216173,1511276
0,2,59666797,0.156784,15362,847,839,0.0216173,1677334
0,3,59666797,5.36497,15362,847,839,0.0216173,1450009
0,4,59666797,0.007571,15362,847,839,0.0216173,1514078
0,5,59666797,0.0026894,15362,847,839,0.0216173,57381880
0,6,59666797,0.0072293,15362,847,839,0.0216173,1513380
0,7,59666797,0.0069461,15362,847,839,0.0216173,1536556
0,8,59666797,0.0264196,15362,847,839,0.0216173,1740168
0,9,59666797,0.0070951,15362,847,839,0.0216173,1668856
0,0,229560946,0.0102633,30672,982,973,0.0321009,10737287
0,1,229560946,0.0106414,30672,982,973,0.0321009,10746331
0,2,229560946,0.137462,30672,982,973,0.0321009,10681228
0,3,229560946,1.36617,30672,982,973,0.0321009,10650132
0,4,229560946,0.0372472,30672,982,973,0.0321009,11010735
0,5,229560946,0.0052069,30672,982,973,0.0321009,238898763
0,6,229560946,0.0120758,30672,982,973,0.0321009,10738635
0,7,229560946,0.0124113,30672,982,973,0.0321009,10741415
0,8,229560946,0.0217939,30672,982,973,0.0321009,10735653
0,9,229560946,0.0110978,30672,982,973,0.0321009,10732794
0,0,1175112,0.0026833,2206,1098,1109,0.00181164,238871
0,1,1175112,0.0027032,2206,1098,1109,0.00181164,207057
0,2,1175112,0.5946,2206,1098,1109,0.00181164,238627
0,3,1175112,2.11549,2206,1098,1109,0.00181164,206883
0,4,1175112,0.0022704,2206,1098,1109,0.00181164,328852
0,5,1175112,0.0016363,2206,1098,1109,0.00181164,1168063
0,6,1175112,0.0056649,2206,1098,1109,0.00181164,206849
0,7,1175112,0.0035109,2206,1098,1109,0.00181164,207057
0,8,1175112,0.0049125,2206,1098,1109,0.00181164,238836
0,9,1175112,0.0033434,2206,1098,1109,0.00181164,238871
0,0,4940565,0.0052283,4468,2245,2224,0.000894874,923818
0,1,4940565,0.0069271,4468,2245,2224,0.000894874,785449
0,2,4940565,6.86276,4468,2245,2224,0.000894874,924107
0,3,4940565,14.548,4468,2245,2224,0.000894874,784999
0,4,4940565,0.0080959,4468,2245,2224,0.000894874,1152133
0,5,4940565,0.002395,4468,2245,2224,0.000894874,4948582
0,6,4940565,0.0210886,4468,2245,2224,0.000894874,785039
0,7,4940565,0.0202505,4468,2245,2224,0.000894874,785326
0,8,4940565,0.0095419,4468,2245,2224,0.000894874,923924
0,9,4940565,0.0068332,4468,2245,2224,0.000894874,924016
0,0,5831918,0.0063339,4872,2502,2371,0.000821275,1155130
0,1,5831918,0.0066815,4872,2502,2371,0.000821275,984923
0,2,5831918,1.35152,4872,2502,2371,0.000821275,1155080
0,3,5831918,60.996,4872,2502,2371,0.000821275,984628
0,4,5831918,0.0066854,4872,2502,2371,0.000821275,1645308
0,5,5831918,0.0030526,4872,2502,2371,0.000821275,5885560
0,6,5831918,0.007606,4872,2502,2371,0.000821275,984597
0,7,5831918,0.0097774,4872,2502,2371,0.000821275,984926
0,8,5831918,0.0184152,4872,2502,2371,0.000821275,1155070
0,9,5831918,0.0266291,4872,2502,2371,0.000821275,1155136
0,0,17016133,0.0087033,8257,2125,2096,0.00185384,11140816
0,1,17016133,0.0100278,8257,2125,2096,0.00185384,11579155
0,2,17016133,1.88974,8257,2125,2096,0.00185384,11136863
0,3,17016133,35.8334,8257,2125,2096,0.00185384,11573676
0,4,17016133,0.0408376,8257,2125,2096,0.00185384,12987791
0,5,17016133,0.0044784,8257,2125,2096,0.00185384,17068253
0,6,17016133,0.0117305,8257,2125,2096,0.00185384,11577243
0,7,17016133,0.009303,8257,2125,2096,0.00185384,11579184
0,8,17016133,0.0122156,8257,2125,2096,0.00185384,11140883
0,9,17016133,0.0082191,8257,2125,2096,0.00185384,11140692
0,0,94389982,0.0226334,20165,10153,10013,0.000198353,156108
0,1,94389982,0.0179385,20165,10153,10013,0.000198353,20025
0,2,94389982,0.0197854,20165,10153,10013,0.000198353,156108
0,3,94389982,0.0235872,20165,10153,10013,0.000198353,20025
0,4,94389982,0.039682,20165,10153,10013,0.000198353,2824106
0,5,94389982,0.0038405,20165,10153,10013,0.000198353,28527164
0,6,94389982,0.0427474,20165,10153,10013,0.000198353,20021
0,7,94389982,0.0348115,20165,10153,10013,0.000198353,20025
0,8,94389982,0.0406663,20165,10153,10013,0.000198353,20021
0,9,94389982,0.0193835,20165,10153,10013,0.000198353,156108
0,0,391566,0.0020559,1264,639,626,0.00315989,187855
0,1,391566,0.0024604,1264,639,626,0.00315989,189048
0,2,391566,0.0897452,1264,639,626,0.00315989,187848
0,3,391566,12.778,1264,639,626,0.00315989,188935
0,4,391566,0.001889,1264,639,626,0.00315989,221863
0,5,391566,0.0007522,1264,639,626,0.00315989,400294
0,6,391566,0.0035463,1264,639,626,0.00315989,188911
0,7,391566,0.0022353,1264,639,626,0.00315989,189045
0,8,391566,0.0041959,1264,639,626,0.00315989,187840
0,9,391566,0.0021424,1264,639,626,0.00315989,187908
0,0,708128,0.0025773,1688,794,895,0.00237536,324800
0,1,708128,0.0022502,1688,794,895,0.00237536,330579
0,2,708128,9.75465,1688,794,895,0.00237536,324557
0,3,708128,15.8747,1688,794,895,0.00237536,330288
0,4,708128,0.0059996,1688,794,895,0.00237536,379478
0,5,708128,0.0007337,1688,794,895,0.00237536,700591
0,6,708128,0.0034137,1688,794,895,0.00237536,330379
0,7,708128,0.0077317,1688,794,895,0.00237536,330423
0,8,708128,0.0030734,1688,794,895,0.00237536,324784
0,9,708128,0.003019,1688,794,895,0.00237536,324720
0,0,2534183,0.0020149,3210,1070,1070,0.00280374,1596268
0,1,2534183,0.0037197,3210,1070,1070,0.00280374,1584446
0,2,2534183,0.308964,3210,1070,1070,0.00280374,1595439
0,3,2534183,0.34174,3210,1070,1070,0.00280374,1584098
0,4,2534183,0.0017658,3210,1070,1070,0.00280374,1749344
0,5,2534183,0.0004035,3210,1070,1070,0.00280374,2606586
0,6,2534183,0.0142264,3210,1070,1070,0.00280374,1584005
0,7,2534183,0.0034339,3210,1070,1070,0.00280374,1584452
0,8,2534183,0.0140951,3210,1070,1070,0.00280374,1596127
0,9,2534183,0.0038184,3210,1070,1070,0.00280374,1596274
0,0,5475720,0.0295103,4692,1564,1564,0.00191816,3439764
0,1,5475720,0.00345,4692,1564,1564,0.00191816,3403133
0,2,5475720,0.580848,4692,1564,1564,0.00191816,3439663
0,3,5475720,0.863236,4692,1564,1564,0.00191816,3402608
0,4,5475720,0.0028473,4692,1564,1564,0.00191816,3810623
0,5,5475720,0.0011486,4692,1564,1564,0.00191816,5462955
0,6,5475720,0.0043177,4692,1564,1564,0.00191816,3402456
0,7,5475720,0.0036509,4692,1564,1564,0.00191816,3403133
0,8,5475720,0.0038976,4692,1564,1564,0.00191816,3439629
0,9,5475720,0.0028267,4692,1564,1564,0.00191816,3439812
0,0,7572597,0.0345477,5484,1828,1828,0.00164114,4543514
0,1,7572597,0.003822,5484,1828,1828,0.00164114,4496264
0,2,7572597,0.742486,5484,1828,1828,0.00164114,4543319
0,3,7572597,1.33646,5484,1828,1828,0.00164114,4496012
0,4,7572597,0.0043217,5484,1828,1828,0.00164114,5015728
0,5,7572597,0.0008733,5484,1828,1828,0.00164114,7596294
0,6,7572597,0.0076112,5484,1828,1828,0.00164114,4496222
0,7,7572597,0.0146986,5484,1828,1828,0.00164114,4496267
0,8,7572597,0.0060869,5484,1828,1828,0.00164114,4543649
0,9,7572597,0.0060184,5484,1828,1828,0.00164114,4543860
0,0,448841,0.0392197,20273,6889,6682,0.000440408,620811
0,1,448841,0.016858,20273,6889,6682,0.000440408,288241
0,2,448841,0.0391665,20273,6889,6682,0.000440408,620152
0,3,448841,1781.06,20273,6889,6682,0.000440408,277234
0,4,448841,0.0141924,20273,6889,6682,0.000440408,376859
0,5,448841,0.0072887,20273,6889,6682,0.000440408,98064081
0,6,448841,0.0270006,20273,6889,6682,0.000440408,283369
0,7,448841,0.0251462,20273,6889,6682,0.000440408,287126
0,8,448841,0.0289563,20273,6889,6682,0.000440408,285869
0,9,448841,0.0186045,20273,6889,6682,0.000440408,620821
0,0,676910,0.0550995,30536,10343,10092,0.000292542,413957
0,1,676910,0.0399869,30536,10343,10092,0.000292542,442489
0,2,676910,685.054,30536,10343,10092,0.000292542,411869
0,3,676910,3791.68,30536,10343,10092,0.000292542,419769
0,4,676910,0.0322428,30536,10343,10092,0.000292542,569119
0,5,676910,0.0103882,30536,10343,10092,0.000292542,225530420
0,6,676910,0.0808156,30536,10343,10092,0.000292542,436791
0,7,676910,0.0478263,30536,10343,10092,0.000292542,443224
0,8,676910,0.0408354,30536,10343,10092,0.000292542,444718
0,9,676910,0.0312971,30536,10343,10092,0.000292542,415021
0,0,202367,0.0402097,15237,7511,7804,0.000259947,4256620
0,1,202367,0.0394388,15237,7511,7804,0.000259947,127215
0,2,202367,0.0174231,15237,7511,7804,0.000259947,4256273
0,3,202367,412.86,15237,7511,7804,0.000259947,123022
0,4,202367,0.0270246,15237,7511,7804,0.000259947,161177
0,5,202367,0.0057321,15237,7511,7804,0.000259947,54773768
0,6,202367,0.0239368,15237,7511,7804,0.000259947,125416
0,7,202367,0.0211693,15237,7511,7804,0.000259947,127124
0,8,202367,0.0407048,15237,7511,7804,0.000259947,125124
0,9,202367,0.0167872,15237,7511,7804,0.000259947,4256621
0,0,272094,0.0414705,20447,10040,10453,0.00019483,27558658
0,1,272094,0.0316091,20447,10040,10453,0.00019483,170466
0,2,272094,0.0261455,20447,10040,10453,0.00019483,27559019
0,3,272094,1106.85,20447,10040,10453,0.00019483,164129
0,4,272094,0.0214751,20447,10040,10453,0.00019483,213584
0,5,272094,0.0077913,20447,10040,10453,0.00019483,100979180
0,6,272094,0.0392929,20447,10040,10453,0.00019483,168064
0,7,272094,0.0434263,20447,10040,10453,0.00019483,170032
0,8,272094,0.0574997,20447,10040,10453,0.00019483,169191
0,9,272094,0.0300599,20447,10040,10453,0.00019483,27558543
0,0,83371842,0.0100198,18289,15829,2461,0.000469488,0
0,1,83371842,0.0138378,18289,15829,2461,0.000469488,0
0,2,83371842,0.0099889,18289,15829,2461,0.000469488,0
0,3,83371842,0.0122241,18289,15829,2461,0.000469488,0
0,4,83371842,0.0463738,18289,15829,2461,0.000469488,0
0,5,83371842,0.0036459,18289,15829,2461,0.000469488,83424771
0,6,83371842,0.0105424,18289,15829,2461,0.000469488,0
0,7,83371842,0.0405501,18289,15829,2461,0.000469488,0
0,8,83371842,0.0101104,18289,15829,2461,0.000469488,0
0,9,83371842,0.0127039,18289,15829,2461,0.000469488,0
0,0,1418292,0.0033931,2917,1485,1433,0.00137077,48800
0,1,1418292,0.0025236,2917,1485,1433,0.00137077,2865
0,2,1418292,0.0030562,2917,1485,1433,0.00137077,48784
0,3,1418292,0.0030765,2917,1485,1433,0.00137077,2865
0,4,1418292,0.0028888,2917,1485,1433,0.00137077,152074
0,5,1418292,0.0006888,2917,1485,1433,0.00137077,1823318
0,6,1418292,0.0071736,2917,1485,1433,0.00137077,2861
0,7,1418292,0.0037809,2917,1485,1433,0.00137077,2865
0,8,1418292,0.0052595,2917,1485,1433,0.00137077,2861
0,9,1418292,0.0021039,2917,1485,1433,0.00137077,48800
0,0,97348523,0.0113217,19875,17219,2657,0.000434418,0
0,1,97348523,0.0157872,19875,17219,2657,0.000434418,0
0,2,97348523,0.0100941,19875,17219,2657,0.000434418,0
0,3,97348523,0.0418377,19875,17219,2657,0.000434418,0
0,4,97348523,0.0142185,19875,17219,2657,0.000434418,0
0,5,97348523,0.0032225,19875,17219,2657,0.000434418,99046656
0,6,97348523,0.0358713,19875,17219,2657,0.000434418,0
0,7,97348523,0.0154375,19875,17219,2657,0.000434418,0
0,8,97348523,0.0103438,19875,17219,2657,0.000434418,0
0,9,97348523,0.0085247,19875,17219,2657,0.000434418,0
0,0,426780,0.0014041,1314,657,657,0.00304414,213581
0,1,426780,0.0016504,1314,657,657,0.00304414,213661
0,2,426780,0.117266,1314,657,657,0.00304414,213510
0,3,426780,0.0888171,1314,657,657,0.00304414,213577
0,4,426780,0.0020763,1314,657,657,0.00304414,213742
0,5,426780,0.0001967,1314,657,657,0.00304414,433349
0,6,426780,0.0027472,1314,657,657,0.00304414,213512
0,7,426780,0.0018542,1314,657,657,0.00304414,213621
0,8,426780,0.0016423,1314,657,657,0.00304414,213510
0,9,426780,0.0044333,1314,657,657,0.00304414,213512
0,0,547487,0.0016698,1490,745,745,0.00268456,280916
0,1,547487,0.0020125,1490,745,745,0.00268456,281044
0,2,547487,0.106286,1490,745,745,0.00268456,280916
0,3,547487,0.104806,1490,745,745,0.00268456,280978
0,4,547487,0.0017156,1490,745,745,0.00268456,281152
0,5,547487,0.0005367,1490,745,745,0.00268456,547464
0,6,547487,0.0020741,1490,745,745,0.00268456,280918
0,7,547487,0.0053684,1490,745,745,0.00268456,281043
0,8,547487,0.0025859,1490,745,745,0.00268456,280925
0,9,547487,0.0013318,1490,745,745,0.00268456,280917
0,0,841977,0.0015953,1844,922,922,0.0021692,440799
0,1,841977,0.0017766,1844,922,922,0.0021692,440955
0,2,841977,0.400243,1844,922,922,0.0021692,440799
0,3,841977,0.178448,1844,922,922,0.0021692,440892
0,4,841977,0.0085022,1844,922,922,0.0021692,440955
0,5,841977,0.0003831,1844,922,922,0.0021692,848154
0,6,841977,0.0026749,1844,922,922,0.0021692,440799
0,7,841977,0.0017898,1844,922,922,0.0021692,440955
0,8,841977,0.0022104,1844,922,922,0.0021692,440803
0,9,841977,0.001847,1844,922,922,0.0021692,440799
0,0,42530236,0.0242185,13122,13122,1747,0.00057241,0
0,1,42530236,0.0090794,13122,13122,1747,0.00057241,0
0,2,42530236,0.0080568,13122,13122,1747,0.00057241,0
0,3,42530236,0.0072582,13122,13122,1747,0.00057241,0
0,4,42530236,0.0479073,13122,13122,1747,0.00057241,0
0,5,42530236,0.0033577,13122,13122,1747,0.00057241,43497842
0,6,42530236,0.0081317,13122,13122,1747,0.00057241,0
0,7,42530236,0.0393469,13122,13122,1747,0.00057241,0
0,8,42530236,0.0076084,13122,13122,1747,0.00057241,0
0,9,42530236,0.0059828,13122,13122,1747,0.00057241,0
0,0,114164973,0.0099722,21362,21362,2847,0.000351247,0
0,1,114164973,0.0109674,21362,21362,2847,0.000351247,0
0,2,114164973,0.0112455,21362,21362,2847,0.000351247,0
0,3,114164973,0.0426926,21362,21362,2847,0.000351247,0
0,4,114164973,0.0153575,21362,21362,2847,0.000351247,0
0,5,114164973,0.0045576,21362,21362,2847,0.000351247,116240919
0,6,114164973,0.0422199,21362,21362,2847,0.000351247,0
0,7,114164973,0.027794,21362,21362,2847,0.000351247,0
0,8,114164973,0.0168283,21362,21362,2847,0.000351247,0
0,9,114164973,0.0156358,21362,21362,2847,0.000351247,0
0,0,994686,0.0106294,1991,1599,1548,0.000804363,462190
0,1,994686,0.0029273,1991,1599,1548,0.000804363,446992
0,2,994686,0.002852,1991,1599,1548,0.000804363,462275
0,3,994686,0.318455,1991,1599,1548,0.000804363,446836
0,4,994686,0.0023572,1991,1599,1548,0.000804363,507598
0,5,994686,0.0010445,1991,1599,1548,0.000804363,984557
0,6,994686,0.0043782,1991,1599,1548,0.000804363,446949
0,7,994686,0.0061794,1991,1599,1548,0.000804363,447278
0,8,994686,0.0048689,1991,1599,1548,0.000804363,447195
0,9,994686,0.0028399,1991,1599,1548,0.000804363,462239
0,0,43897763,0.0090878,13283,1597,1564,0.00531808,33522501
0,1,43897763,0.0366178,13283,1597,1564,0.00531808,34512425
0,2,43897763,0.344854,13283,1597,1564,0.00531808,33555335
0,3,43897763,58.1945,13283,1597,1564,0.00531808,34531964
0,4,43897763,0.0089676,13283,1597,1564,0.00531808,39064732
0,5,43897763,0.0044468,13283,1597,1564,0.00531808,44268017
0,6,43897763,0.0101529,13283,1597,1564,0.00531808,34508182
0,7,43897763,0.0088103,13283,1597,1564,0.00531808,34512973
0,8,43897763,0.0094424,13283,1597,1564,0.00531808,33528691
0,9,43897763,0.0087992,13283,1597,1564,0.00531808,33521690
0,0,40208129,0.0094514,12744,1629,1692,0.00462364,30810525
0,1,40208129,0.0088622,12744,1629,1692,0.00462364,31823666
0,2,40208129,0.404545,12744,1629,1692,0.00462364,30817855
0,3,40208129,282.885,12744,1629,1692,0.00462364,31825135
0,4,40208129,0.0101197,12744,1629,1692,0.00462364,35481991
0,5,40208129,0.0037534,12744,1629,1692,0.00462364,40169074
0,6,40208129,0.0377879,12744,1629,1692,0.00462364,31816367
0,7,40208129,0.0089141,12744,1629,1692,0.00462364,31838079
0,8,40208129,0.0082056,12744,1629,1692,0.00462364,30812577
0,9,40208129,0.0084544,12744,1629,1692,0.00462364,30819737
0,0,24357064,0.0082539,9919,2484,2596,0.0015382,791268
0,1,24357064,0.0095362,9919,2484,2596,0.0015382,830245
0,2,24357064,41.6909,9919,2484,2596,0.0015382,789511
0,3,24357064,14.5569,9919,2484,2596,0.0015382,824417
0,4,24357064,0.0067736,9919,2484,2596,0.0015382,770543
0,5,24357064,0.002651,9919,2484,2596,0.0015382,24138130
0,6,24357064,0.009478,9919,2484,2596,0.0015382,827911
0,7,24357064,0.0088051,9919,2484,2596,0.0015382,830245
0,8,24357064,0.0368261,9919,2484,2596,0.0015382,791244
0,9,24357064,0.0374296,9919,2484,2596,0.0015382,791296
0,0,18425,0.0020692,2148,1078,991,0.00201067,10375
0,1,18425,0.0014128,2148,1078,991,0.00201067,2407
0,2,18425,0.140967,2148,1078,991,0.00201067,10375
0,3,18425,0.155063,2148,1078,991,0.00201067,2407
0,4,18425,0.0021167,2148,1078,991,0.00201067,34506
0,5,18425,0.000396,2148,1078,991,0.00201067,1039652
0,6,18425,0.0028628,2148,1078,991,0.00201067,2407
0,7,18425,0.0013199,2148,1078,991,0.00201067,2407
0,8,18425,0.0021755,2148,1078,991,0.00201067,2407
0,9,18425,0.0011825,2148,1078,991,0.00201067,10375
0,0,31603996,0.0122596,11305,2860,2943,0.00134312,242339
0,1,31603996,0.0084911,11305,2860,2943,0.00134312,252985
0,2,31603996,1.08284,11305,2860,2943,0.00134312,238864
0,3,31603996,7.79407,11305,2860,2943,0.00134312,251711
0,4,31603996,0.00669,11305,2860,2943,0.00134312,241452
0,5,31603996,0.003888,11305,2860,2943,0.00134312,32320851
0,6,31603996,0.0111523,11305,2860,2943,0.00134312,251922
0,7,31603996,0.0408999,11305,2860,2943,0.00134312,253259
0,8,31603996,0.0113632,11305,2860,2943,0.00134312,242411
0,9,31603996,0.0097233,11305,2860,2943,0.00134312,242311
0,0,88961443,0.011742,19004,4800,4800,0.000824826,1333430
0,1,88961443,0.0121034,19004,4800,4800,0.000824826,1332983
0,2,88961443,0.0096173,19004,4800,4800,0.000824826,1333364
0,3,88961443,0.31829,19004,4800,4800,0.000824826,1332924
0,4,88961443,0.039373,19004,4800,4800,0.000824826,1335096
0,5,88961443,0.0024229,19004,4800,4800,0.000824826,90190659
0,6,88961443,0.0194257,19004,4800,4800,0.000824826,1332914
0,7,88961443,0.0130213,19004,4800,4800,0.000824826,1333048
0,8,88961443,0.012693,19004,4800,4800,0.000824826,1333426
0,9,88961443,0.0106644,19004,4800,4800,0.000824826,1333430
0,0,21328714,0.0053228,9243,2345,2345,0.00168084,446952
0,1,21328714,0.0088253,9243,2345,2345,0.00168084,446751
0,2,21328714,0.0172523,9243,2345,2345,0.00168084,446958
0,3,21328714,0.105451,9243,2345,2345,0.00168084,446733
0,4,21328714,0.0075954,9243,2345,2345,0.00168084,447736
0,5,21328714,0.0014288,9243,2345,2345,0.00168084,21112369
0,6,21328714,0.033988,9243,2345,2345,0.00168084,446738
0,7,21328714,0.0066872,9243,2345,2345,0.00168084,446753
0,8,21328714,0.0060386,9243,2345,2345,0.00168084,446951
0,9,21328714,0.0353381,9243,2345,2345,0.00168084,446980
0,0,42898257,0.0113706,13121,3321,3321,0.00118968,772648
0,1,42898257,0.0079842,13121,3321,3321,0.00118968,772360
0,2,42898257,0.0134314,13121,3321,3321,0.00118968,772638
0,3,42898257,0.184598,13121,3321,3321,0.00118968,772322
0,4,42898257,0.0059962,13121,3321,3321,0.00118968,773825
0,5,42898257,0.0028006,13121,3321,3321,0.00118968,43144905
0,6,42898257,0.0085113,13121,3321,3321,0.00118968,772300
0,7,42898257,0.0144788,13121,3321,3321,0.00118968,772380
0,8,42898257,0.0072077,13121,3321,3321,0.00118968,772642
0,9,42898257,0.0333275,13121,3321,3321,0.00118968,772650
0,0,1319706,0.0009672,2304,256,256,0.0351562,1040947
0,1,1319706,0.000788,2304,256,256,0.0351562,1062224
0,2,1319706,0.0161402,2304,256,256,0.0351562,1042490
0,3,1319706,0.235466,2304,256,256,0.0351562,1059089
0,4,1319706,0.0007966,2304,256,256,0.0351562,1186394
0,5,1319706,0.0007419,2304,256,256,0.0351562,1269978
0,6,1319706,0.001095,2304,256,256,0.0351562,1059790
0,7,1319706,0.0007577,2304,256,256,0.0351562,1061095
0,8,1319706,0.001415,2304,256,256,0.0351562,1041002
0,9,1319706,0.0005962,2304,256,256,0.0351562,1040947
0,0,30872,0.0223607,33433,16077,16077,0.00012935,40843
0,1,30872,0.0245362,33433,16077,16077,0.00012935,31358
0,2,30872,0.0545624,33433,16077,16077,0.00012935,40843
0,3,30872,16.0771,33433,16077,16077,0.00012935,31019
0,4,30872,0.0260091,33433,16077,16077,0.00012935,62929
0,5,30872,0.0108903,33433,16077,16077,0.00012935,269295403
0,6,30872,0.0390746,33433,16077,16077,0.00012935,32384
0,7,30872,0.0355471,33433,16077,16077,0.00012935,31358
0,8,30872,0.0386862,33433,16077,16077,0.00012935,40843
0,9,30872,0.0488422,33433,16077,16077,0.00012935,40843
0,0,1282,0.0015388,1891,794,794,0.00299951,1444
0,1,1282,0.0014051,1891,794,794,0.00299951,1305
0,2,1282,0.0027674,1891,794,794,0.00299951,1444
0,3,1282,0.159033,1891,794,794,0.00299951,1303
0,4,1282,0.0021727,1891,794,794,0.00299951,2013
0,5,1282,0.0007713,1891,794,794,0.00299951,856984
0,6,1282,0.0023929,1891,794,794,0.00299951,1444
0,7,1282,0.0018609,1891,794,794,0.00299951,1305
0,8,1282,0.0061099,1891,794,794,0.00299951,1445
0,9,1282,0.0024544,1891,794,794,0.00299951,1444
0,0,1966,0.0016456,2967,1234,1234,0.00194844,2203
0,1,1966,0.0036401,2967,1234,1234,0.00194844,2019
0,2,1966,0.0023169,2967,1234,1234,0.00194844,2204
0,3,1966,0.368619,2967,1234,1234,0.00194844,2017
0,4,1966,0.0090679,2967,1234,1234,0.00194844,3064
0,5,1966,0.0006251,2967,1234,1234,0.00194844,2169230
0,6,1966,0.0140453,2967,1234,1234,0.00194844,2205
0,7,1966,0.0030074,2967,1234,1234,0.00194844,2019
0,8,1966,0.0025555,2967,1234,1234,0.00194844,2203
0,9,1966,0.0022052,2967,1234,1234,0.00194844,2204
0,0,780,0.00083,1189,493,493,0.00489202,873
0,1,780,0.0015504,1189,493,493,0.00489202,792
0,2,780,0.0022751,1189,493,493,0.00489202,874
0,3,780,0.0576571,1189,493,493,0.00489202,791
0,4,780,0.0014056,1189,493,493,0.00489202,1205
0,5,780,0.000514,1189,493,493,0.00489202,332046
0,6,780,0.002008,1189,493,493,0.00489202,873
0,7,780,0.0015271,1189,493,493,0.00489202,792
0,8,780,0.0028906,1189,493,493,0.00489202,874
0,9,780,0.0014558,1189,493,493,0.00489202,873
0,0,99495,0.0051211,7191,3638,3426,0.000576951,40346
0,1,99495,0.0085482,7191,3638,3426,0.000576951,7536
0,2,99495,1.0504,7191,3638,3426,0.000576951,40392
0,3,99495,1.04746,7191,3638,3426,0.000576951,7537
0,4,99495,0.0358274,7191,3638,3426,0.000576951,191693
0,5,99495,0.002237,7191,3638,3426,0.000576951,12128977
0,6,99495,0.039888,7191,3638,3426,0.000576951,7536
0,7,99495,0.006856,7191,3638,3426,0.000576951,7536
0,8,99495,0.0103869,7191,3638,3426,0.000576951,7536
0,9,99495,0.0094539,7191,3638,3426,0.000576951,40346
0,0,1553,0.0029912,2344,975,975,0.00246575,1748
0,1,1553,0.0018721,2344,975,975,0.00246575,1586
0,2,1553,0.0033141,2344,975,975,0.00246575,1748
0,3,1553,0.213016,2344,975,975,0.00246575,1583
0,4,1553,0.007179,2344,975,975,0.00246575,2416
0,5,1553,0.000694,2344,975,975,0.00246575,1292689
0,6,1553,0.0024305,2344,975,975,0.00246575,1748
0,7,1553,0.002145,2344,975,975,0.00246575,1586
0,8,1553,0.0085485,2344,975,975,0.00246575,1748
0,9,1553,0.001634,2344,975,975,0.00246575,1748
0,0,1710,0.001963,2631,1086,1086,0.0022308,1916
0,1,1710,0.0027362,2631,1086,1086,0.0022308,1744
0,2,1710,0.0133273,2631,1086,1086,0.0022308,1917
0,3,1710,0.293513,2631,1086,1086,0.0022308,1740
0,4,1710,0.0029778,2631,1086,1086,0.0022308,2628
0,5,1710,0.0007341,2631,1086,1086,0.0022308,1684332
0,6,1710,0.0043193,2631,1086,1086,0.0022308,1917
0,7,1710,0.0038067,2631,1086,1086,0.0022308,1744
0,8,1710,0.0085073,2631,1086,1086,0.0022308,1916
0,9,1710,0.004695,2631,1086,1086,0.0022308,1917
0,0,4341918,0.0082558,4168,2095,2074,0.000959257,1734643
0,1,4341918,0.00577,4168,2095,2074,0.000959257,1571339
0,2,4341918,4.94849,4168,2095,2074,0.000959257,1734583
0,3,4341918,8.02335,4168,2095,2074,0.000959257,1570332
0,4,4341918,0.0044435,4168,2095,2074,0.000959257,1985556
0,5,4341918,0.0025507,4168,2095,2074,0.000959257,4369739
0,6,4341918,0.0071545,4168,2095,2074,0.000959257,1570991
0,7,4341918,0.0355664,4168,2095,2074,0.000959257,1570523
0,8,4341918,0.0056875,4168,2095,2074,0.000959257,1734566
0,9,4341918,0.0061553,4168,2095,2074,0.000959257,1734643
0,0,787366,0.005844,1797,912,886,0.00222392,308165
0,1,787366,0.002458,1797,912,886,0.00222392,277159
0,2,787366,0.408711,1797,912,886,0.00222392,308518
0,3,787366,1.65382,1797,912,886,0.00222392,277007
0,4,787366,0.0022063,1797,912,886,0.00222392,351505
0,5,787366,0.0015738,1797,912,886,0.00222392,805947
0,6,787366,0.0033573,1797,912,886,0.00222392,277185
0,7,787366,0.0027181,1797,912,886,0.00222392,277261
0,8,787366,0.0022703,1797,912,886,0.00222392,308233
0,9,787366,0.0075035,1797,912,886,0.00222392,308172
0,0,1456805,0.0031197,2412,1183,1230,0.00165763,590374
0,1,1456805,0.003435,2412,1183,1230,0.00165763,536404
0,2,1456805,1.72854,2412,1183,1230,0.00165763,590365
0,3,1456805,4.41434,2412,1183,1230,0.00165763,535804
0,4,1456805,0.003143,2412,1183,1230,0.00165763,668579
0,5,1456805,0.0016254,2412,1183,1230,0.00165763,1493552
0,6,1456805,0.0038726,2412,1183,1230,0.00165763,536178
0,7,1456805,0.003254,2412,1183,1230,0.00165763,536404
0,8,1456805,0.0041267,2412,1183,1230,0.00165763,590340
0,9,1456805,0.0034276,2412,1183,1230,0.00165763,590374
0,0,2667114,0.004513,3277,1644,1634,0.0012199,1319860
0,1,2667114,0.0132488,3277,1644,1634,0.0012199,1339349
0,2,2667114,3.10458,3277,1644,1634,0.0012199,1319610
0,3,2667114,19.55,3277,1644,1634,0.0012199,1339098
0,4,2667114,0.0035536,3277,1644,1634,0.0012199,1609453
0,5,2667114,0.0018118,3277,1644,1634,0.0012199,2667522
0,6,2667114,0.0063684,3277,1644,1634,0.0012199,1339076
0,7,2667114,0.0043655,3277,1644,1634,0.0012199,1339278
0,8,2667114,0.0195598,3277,1644,1634,0.0012199,1319606
0,9,2667114,0.0053754,3277,1644,1634,0.0012199,1319654
0,0,1407452,0.0026946,2352,1152,1201,0.00169997,685878
0,1,1407452,0.0031062,2352,1152,1201,0.00169997,692843
0,2,1407452,8.90049,2352,1152,1201,0.00169997,685668
0,3,1407452,20.673,2352,1152,1201,0.00169997,692597
0,4,1407452,0.0025382,2352,1152,1201,0.00169997,827070
0,5,1407452,0.0008789,2352,1152,1201,0.00169997,1357487
0,6,1407452,0.0052839,2352,1152,1201,0.00169997,692534
0,7,1407452,0.0037081,2352,1152,1201,0.00169997,692843
0,8,1407452,0.0127896,2352,1152,1201,0.00169997,685619
0,9,1407452,0.0030707,2352,1152,1201,0.00169997,685878
0,0,2786126,0.004948,4010,2006,2006,0.000996512,583380
0,1,2786126,0.0046952,4010,2006,2006,0.000996512,1085381
0,2,2786126,0.0052267,4010,2006,2006,0.000996512,583380
0,3,2786126,0.0161364,4010,2006,2006,0.000996512,754005
0,4,2786126,0.0309673,4010,2006,2006,0.000996512,252004
0,5,2786126,0.0013074,4010,2006,2006,0.000996512,3574316
0,6,2786126,0.0059416,4010,2006,2006,0.000996512,754005
0,7,2786126,0.0043579,4010,2006,2006,0.000996512,754005
0,8,2786126,0.0076506,4010,2006,2006,0.000996512,502770
0,9,2786126,0.0036569,4010,2006,2006,0.000996512,583380
0,0,4708814,0.0353257,5210,2606,2606,0.000767165,425104
0,1,4708814,0.0066508,5210,2606,2606,0.000767165,1862208
0,2,4708814,0.0047604,5210,2606,2606,0.000767165,1012001
0,3,4708814,0.0069236,5210,2606,2606,0.000767165,1862208
0,4,4708814,0.0039922,5210,2606,2606,0.000767165,727620
0,5,4708814,0.0012962,5210,2606,2606,0.000767165,6006236
0,6,4708814,0.0111673,5210,2606,2606,0.000767165,1275311
0,7,4708814,0.0063641,5210,2606,2606,0.000767165,1862208
0,8,4708814,0.0077934,5210,2606,2606,0.000767165,425104
0,9,4708814,0.0357272,5210,2606,2606,0.000767165,425104
0,0,5968988,0.0054357,5866,2934,2934,0.000681431,1254670
0,1,5968988,0.006649,5866,2934,2934,0.000681431,2332181
0,2,5968988,0.0113434,5866,2934,2934,0.000681431,1254670
0,3,5968988,0.0065373,5866,2934,2934,0.000681431,2332181
0,4,5968988,0.0049884,5866,2934,2934,0.000681431,1081482
0,5,5968988,0.0013843,5866,2934,2934,0.000681431,7049383
0,6,5968988,0.0086609,5866,2934,2934,0.000681431,1616267
0,7,5968988,0.0061488,5866,2934,2934,0.000681431,2332181
0,8,5968988,0.0126391,5866,2934,2934,0.000681431,538756
0,9,5968988,0.0086165,5866,2934,2934,0.000681431,1254670
0,0,15642,0.0020129,1898,949,870,0.00229885,7016
0,1,15642,0.0017413,1898,949,870,0.00229885,1704
0,2,15642,0.194836,1898,949,870,0.00229885,6985
0,3,15642,0.164436,1898,949,870,0.00229885,1703
0,4,15642,0.0017524,1898,949,870,0.00229885,29215
0,5,15642,0.0006322,1898,949,870,0.00229885,950388
0,6,15642,0.0049065,1898,949,870,0.00229885,1704
0,7,15642,0.0017223,1898,949,870,0.00229885,1704
0,8,15642,0.0025513,1898,949,870,0.00229885,1704
0,9,15642,0.001381,1898,949,870,0.00229885,7016
0,0,2291107,0.0153003,3028,1442,1472,0.00142654,1373806
0,1,2291107,0.0137744,3028,1442,1472,0.00142654,1267503
0,2,2291107,0.0043433,3028,1442,1472,0.00142654,1377336
0,3,2291107,19.7481,3028,1442,1472,0.00142654,1263872
0,4,2291107,0.0029089,3028,1442,1472,0.00142654,1819761
0,5,2291107,0.0015814,3028,1442,1472,0.00142654,2248210
0,6,2291107,0.0048761,3028,1442,1472,0.00142654,1270518
0,7,2291107,0.0034056,3028,1442,1472,0.00142654,1270880
0,8,2291107,0.0051618,3028,1442,1472,0.00142654,1279137
0,9,2291107,0.0034147,3028,1442,1472,0.00142654,1377174
0,0,698725,0.0022311,1696,804,801,0.00263352,399472
0,1,698725,0.0032297,1696,804,801,0.00263352,413607
0,2,698725,0.229813,1696,804,801,0.00263352,396725
0,3,698725,1.79983,1696,804,801,0.00263352,414864
0,4,698725,0.0027831,1696,804,801,0.00263352,519903
0,5,698725,0.0005998,1696,804,801,0.00263352,724407
0,6,698725,0.0055745,1696,804,801,0.00263352,424026
0,7,698725,0.0087171,1696,804,801,0.00263352,423629
0,8,698725,0.003697,1696,804,801,0.00263352,439385
0,9,698725,0.0052594,1696,804,801,0.00263352,410508
0,0,1012929,0.0027627,2024,943,907,0.00236642,788314
0,1,1012929,0.0089001,2024,943,907,0.00236642,588310
0,2,1012929,0.0026571,2024,943,907,0.00236642,788701
0,3,1012929,19.462,2024,943,907,0.00236642,579392
0,4,1012929,0.0027945,2024,943,907,0.00236642,758447
0,5,1012929,0.0011649,2024,943,907,0.00236642,1031068
0,6,1012929,0.0041994,2024,943,907,0.00236642,560975
0,7,1012929,0.0081329,2024,943,907,0.00236642,588214
0,8,1012929,0.0037034,2024,943,907,0.00236642,561712
0,9,1012929,0.0030639,2024,943,907,0.00236642,790609
0,0,742891,0.0023996,1719,1186,1200,0.00120784,369454
0,1,742891,0.004104,1719,1186,1200,0.00120784,371253
0,2,742891,1.10369,1719,1186,1200,0.00120784,373713
0,3,742891,0.249516,1719,1186,1200,0.00120784,380162
0,4,742891,0.0029451,1719,1186,1200,0.00120784,468123
0,5,742891,0.0008428,1719,1186,1200,0.00120784,729620
0,6,742891,0.0035318,1719,1186,1200,0.00120784,371874
0,7,742891,0.0028492,1719,1186,1200,0.00120784,371295
0,8,742891,0.0030248,1719,1186,1200,0.00120784,384371
0,9,742891,0.0041649,1719,1186,1200,0.00120784,369853
0,0,1134284,0.0034971,2146,1580,1535,0.000884839,686378
0,1,1134284,0.0030339,2146,1580,1535,0.000884839,568214
0,2,1134284,0.0034704,2146,1580,1535,0.000884839,685982
0,3,1134284,0.339491,2146,1580,1535,0.000884839,567455
0,4,1134284,0.0149947,2146,1580,1535,0.000884839,735882
0,5,1134284,0.0010773,2146,1580,1535,0.000884839,1174367
0,6,1134284,0.0054352,2146,1580,1535,0.000884839,568204
0,7,1134284,0.0200564,2146,1580,1535,0.000884839,567515
0,8,1134284,0.0054561,2146,1580,1535,0.000884839,568071
0,9,1134284,0.0030939,2146,1580,1535,0.000884839,685982
0,0,139250,0.0010844,763,518,504,0.00292257,111832
0,1,139250,0.0011137,763,518,504,0.00292257,76037
0,2,139250,0.0274237,763,518,504,0.00292257,111888
0,3,139250,0.0429941,763,518,504,0.00292257,75497
0,4,139250,0.0012277,763,518,504,0.00292257,97797
0,5,139250,0.000198,763,518,504,0.00292257,148153
0,6,139250,0.0032473,763,518,504,0.00292257,75646
0,7,139250,0.0006711,763,518,504,0.00292257,75879
0,8,139250,0.001481,763,518,504,0.00292257,115151
0,9,139250,0.000837,763,518,504,0.00292257,111598
0,0,294123,0.0029866,1074,1013,1077,0.000984417,112888
0,1,294123,0.0045493,1074,1013,1077,0.000984417,106153
0,2,294123,0.0103488,1074,1013,1077,0.000984417,112855
0,3,294123,0.127573,1074,1013,1077,0.000984417,106015
0,4,294123,0.0019165,1074,1013,1077,0.000984417,115305
0,5,294123,0.001241,1074,1013,1077,0.000984417,292421
0,6,294123,0.0067654,1074,1013,1077,0.000984417,106022
0,7,294123,0.0051069,1074,1013,1077,0.000984417,106169
0,8,294123,0.0034652,1074,1013,1077,0.000984417,106191
0,9,294123,0.0043554,1074,1013,1077,0.000984417,112896
0,0,1191137,0.002986,2158,1719,1786,0.000702901,485904
0,1,1191137,0.003225,2158,1719,1786,0.000702901,480212
0,2,1191137,0.0033044,2158,1719,1786,0.000702901,485882
0,3,1191137,0.409706,2158,1719,1786,0.000702901,480085
0,4,1191137,0.0183736,2158,1719,1786,0.000702901,528260
0,5,1191137,0.0010583,2158,1719,1786,0.000702901,1150868
0,6,1191137,0.0037032,2158,1719,1786,0.000702901,480234
0,7,1191137,0.0047383,2158,1719,1786,0.000702901,480212
0,8,1191137,0.018202,2158,1719,1786,0.000702901,480223
0,9,1191137,0.0030939,2158,1719,1786,0.000702901,485904
0,0,1317148,0.0033923,2310,1840,1866,0.000672795,985688
0,1,1317148,0.0038274,2310,1840,1866,0.000672795,588896
0,2,1317148,0.0033541,2310,1840,1866,0.000672795,985687
0,3,1317148,0.321382,2310,1840,1866,0.000672795,588541
0,4,1317148,0.0026358,2310,1840,1866,0.000672795,657640
0,5,1317148,0.0014875,2310,1840,1866,0.000672795,1327761
0,6,1317148,0.0145227,2310,1840,1866,0.000672795,588637
0,7,1317148,0.0192088,2310,1840,1866,0.000672795,588662
0,8,1317148,0.0057096,2310,1840,1866,0.000672795,588675
0,9,1317148,0.0030006,2310,1840,1866,0.000672795,985687
0,0,173120898,0.0174233,26294,26294,7532,0.000132767,728720
0,1,173120898,0.0296708,26294,26294,7532,0.000132767,757536
0,2,173120898,5.01994,26294,26294,7532,0.000132767,728630
0,3,173120898,0.024216,26294,26294,7532,0.000132767,757536
0,4,173120898,0.022061,26294,26294,7532,0.000132767,829370
0,5,173120898,0.0059446,26294,26294,7532,0.000132767,172927596
0,6,173120898,0.0243895,26294,26294,7532,0.000132767,757536
0,7,173120898,0.0376899,26294,26294,7532,0.000132767,757536
0,8,173120898,0.0238282,26294,26294,7532,0.000132767,728615
0,9,173120898,0.0314107,26294,26294,7532,0.000132767,728720
0,0,34033867,0.0106768,10973,5580,5356,0.000367156,10846
0,1,34033867,0.0123037,10973,5580,5356,0.000367156,10836
0,2,34033867,1.33693,10973,5580,5356,0.000367156,10836
0,3,34033867,0.299723,10973,5580,5356,0.000367156,10836
0,4,34033867,0.0145511,10973,5580,5356,0.000367156,6178143
0,5,34033867,0.0028505,10973,5580,5356,0.000367156,23178595
0,6,34033867,0.0178257,10973,5580,5356,0.000367156,10836
0,7,34033867,0.0097893,10973,5580,5356,0.000367156,10837
0,8,34033867,0.0217608,10973,5580,5356,0.000367156,10836
0,9,34033867,0.0105264,10973,5580,5356,0.000367156,10847
0,0,231595541,0.0203257,30514,30514,8706,0.000114863,847370
0,1,231595541,0.0251653,30514,30514,8706,0.000114863,879723
0,2,231595541,5.2877,30514,30514,8706,0.000114863,847272
0,3,231595541,0.0375996,30514,30514,8706,0.000114863,879723
0,4,231595541,0.050092,30514,30514,8706,0.000114863,964030
0,5,231595541,0.0065749,30514,30514,8706,0.000114863,232781094
0,6,231595541,0.0269081,30514,30514,8706,0.000114863,879723
0,7,231595541,0.0544326,30514,30514,8706,0.000114863,879723
0,8,231595541,0.0408248,30514,30514,8706,0.000114863,847276
0,9,231595541,0.0258629,30514,30514,8706,0.000114863,847370
0,0,107896949,0.0135528,20924,11678,6020,0.000297632,571193
0,1,107896949,0.0150901,20924,11678,6020,0.000297632,595474
0,2,107896949,7.22212,20924,11678,6020,0.000297632,571020
0,3,107896949,239.364,20924,11678,6020,0.000297632,593645
0,4,107896949,0.0360565,20924,11678,6020,0.000297632,649667
0,5,107896949,0.0039511,20924,11678,6020,0.000297632,108711907
0,6,107896949,0.0400899,20924,11678,6020,0.000297632,592742
0,7,107896949,0.0194148,20924,11678,6020,0.000297632,595474
0,8,107896949,0.0367511,20924,11678,6020,0.000297632,571013
0,9,107896949,0.0289532,20924,11678,6020,0.000297632,571193
0,0,233688942,0.0288922,30611,15818,8772,0.000220611,841185
0,1,233688942,0.0267034,30611,15818,8772,0.000220611,878698
0,2,233688942,15.113,30611,15818,8772,0.000220611,840950
0,3,233688942,1610.72,30611,15818,8772,0.000220611,875550
0,4,233688942,0.0194746,30611,15818,8772,0.000220611,955262
0,5,233688942,0.006383,30611,15818,8772,0.000220611,235051261
0,6,233688942,0.0306505,30611,15818,8772,0.000220611,873841
0,7,233688942,0.0283321,30611,15818,8772,0.000220611,878698
0,8,233688942,0.0498399,30611,15818,8772,0.000220611,840944
0,9,233688942,0.0226546,30611,15818,8772,0.000220611,841185
0,0,4941220,0.0049522,4427,1492,1445,0.0020534,2775509
0,1,4941220,0.0135709,4427,1492,1445,0.0020534,2854762
0,2,4941220,11.7987,4427,1492,1445,0.0020534,2673231
0,3,4941220,57.9611,4427,1492,1445,0.0020534,2939493
0,4,4941220,0.0065146,4427,1492,1445,0.0020534,3991426
0,5,4941220,0.0020678,4427,1492,1445,0.0020534,4871630
0,6,4941220,0.0082639,4427,1492,1445,0.0020534,2876780
0,7,4941220,0.0251038,4427,1492,1445,0.0020534,2854864
0,8,4941220,0.0129977,4427,1492,1445,0.0020534,2809203
0,9,4941220,0.005816,4427,1492,1445,0.0020534,2777717
0,0,5346236,0.004317,4610,1517,1543,0.00196947,3245279
0,1,5346236,0.0043746,4610,1517,1543,0.00196947,3368167
0,2,5346236,25.8669,4610,1517,1543,0.00196947,3034603
0,3,5346236,54.3566,4610,1517,1543,0.00196947,3068199
0,4,5346236,0.0046708,4610,1517,1543,0.00196947,4408555
0,5,5346236,0.0021743,4610,1517,1543,0.00196947,5186865
0,6,5346236,0.0068754,4610,1517,1543,0.00196947,3364608
0,7,5346236,0.0059799,4610,1517,1543,0.00196947,3345314
0,8,5346236,0.0065635,4610,1517,1543,0.00196947,3270701
0,9,5346236,0.0307764,4610,1517,1543,0.00196947,3110832
0,0,9319457,0.0064777,6024,1980,1989,0.00152963,5422342
0,1,9319457,0.0096663,6024,1980,1989,0.00152963,5504416
0,2,9319457,22.8834,6024,1980,1989,0.00152963,4937511
0,3,9319457,82.8858,6024,1980,1989,0.00152963,5178104
0,4,9319457,0.036036,6024,1980,1989,0.00152963,7929858
0,5,9319457,0.0024787,6024,1980,1989,0.00152963,9060737
0,6,9319457,0.0083584,6024,1980,1989,0.00152963,5518601
0,7,9319457,0.0062614,6024,1980,1989,0.00152963,5519846
0,8,9319457,0.0101335,6024,1980,1989,0.00152963,5468755
0,9,9319457,0.0056749,6024,1980,1989,0.00152963,5449130
0,0,259579,0.0014852,1025,498,528,0.00389817,119598
0,1,259579,0.0015538,1025,498,528,0.00389817,123155
0,2,259579,4.44537,1025,498,528,0.00389817,119397
0,3,259579,0.17842,1025,498,528,0.00389817,123047
0,4,259579,0.0042948,1025,498,528,0.00389817,133617
0,5,259579,0.0007454,1025,498,528,0.00389817,259746
0,6,259579,0.0020995,1025,498,528,0.00389817,123049
0,7,259579,0.0032024,1025,498,528,0.00389817,123212
0,8,259579,0.0024884,1025,498,528,0.00389817,119660
0,9,259579,0.0014896,1025,498,528,0.00389817,119625
0,0,425673,0.0020863,1298,654,645,0.00307707,207465
0,1,425673,0.0018602,1298,654,645,0.00307707,210642
0,2,425673,0.0705859,1298,654,645,0.00307707,207444
0,3,425673,0.255319,1298,654,645,0.00307707,210547
0,4,425673,0.0014655,1298,654,645,0.00307707,238155
0,5,425673,0.0008261,1298,654,645,0.00307707,410423
0,6,425673,0.0053909,1298,654,645,0.00307707,210518
0,7,425673,0.0016738,1298,654,645,0.00307707,210642
0,8,425673,0.0018715,1298,654,645,0.00307707,207440
0,9,425673,0.0016444,1298,654,645,0.00307707,207465
0,0,2241598,0.0034168,2973,1508,1466,0.00134481,1089280
0,1,2241598,0.0053227,2973,1508,1466,0.00134481,1100759
0,2,2241598,31.168,2973,1508,1466,0.00134481,1087578
0,3,2241598,4.19703,2973,1508,1466,0.00134481,1098317
0,4,2241598,0.0028967,2973,1508,1466,0.00134481,1251220
0,5,2241598,0.0018355,2973,1508,1466,0.00134481,2223688
0,6,2241598,0.0048801,2973,1508,1466,0.00134481,1100495
0,7,2241598,0.0032424,2973,1508,1466,0.00134481,1100759
0,8,2241598,0.0181977,2973,1508,1466,0.00134481,1089089
0,9,2241598,0.0040407,2973,1508,1466,0.00134481,1089282
0,0,282993,0.0010505,1063,525,539,0.00375652,138892
0,1,282993,0.0016311,1063,525,539,0.00375652,139777
0,2,282993,0.0626337,1063,525,539,0.00375652,138829
0,3,282993,0.339754,1063,525,539,0.00375652,139663
0,4,282993,0.0018121,1063,525,539,0.00375652,164478
0,5,282993,0.0005511,1063,525,539,0.00375652,283578
0,6,282993,0.0035657,1063,525,539,0.00375652,139647
0,7,282993,0.0021021,1063,525,539,0.00375652,139762
0,8,282993,0.0027567,1063,525,539,0.00375652,138865
0,9,282993,0.0015517,1063,525,539,0.00375652,138864
0,0,517041,0.0015513,1581,791,718,0.00278375,1971
0,1,517041,0.0016442,1581,791,718,0.00278375,1961
0,2,517041,0.670209,1581,791,718,0.00278375,1961
0,3,517041,0.159694,1581,791,718,0.00278375,1961
0,4,517041,0.0018342,1581,791,718,0.00278375,25221
0,5,517041,0.0003967,1581,791,718,0.00278375,721192
0,6,517041,0.005965,1581,791,718,0.00278375,1961
0,7,517041,0.0015174,1581,791,718,0.00278375,1961
0,8,517041,0.0022228,1581,791,718,0.00278375,1961
0,9,517041,0.0042502,1581,791,718,0.00278375,1971
0,0,343443,0.0016701,1173,581,593,0.00340461,163547
0,1,343443,0.0020113,1173,581,593,0.00340461,165933
0,2,343443,0.230083,1173,581,593,0.00340461,163502
0,3,343443,0.417636,1173,581,593,0.00340461,165816
0,4,343443,0.002143,1173,581,593,0.00340461,188852
0,5,343443,0.0006798,1173,581,593,0.00340461,347390
0,6,343443,0.0032078,1173,581,593,0.00340461,165794
0,7,343443,0.0052627,1173,581,593,0.00340461,165904
0,8,343443,0.0017909,1173,581,593,0.00340461,163562
0,9,343443,0.002538,1173,581,593,0.00340461,163576
0,0,1562981,0.0029825,2506,1230,1277,0.00159546,757571
0,1,1562981,0.0038809,2506,1230,1277,0.00159546,767685
0,2,1562981,0.875423,2506,1230,1277,0.00159546,757412
0,3,1562981,1.42068,2506,1230,1277,0.00159546,767392
0,4,1562981,0.0131083,2506,1230,1277,0.00159546,882560
0,5,1562981,0.0017046,2506,1230,1277,0.00159546,1541297
0,6,1562981,0.0044575,2506,1230,1277,0.00159546,767316
0,7,1562981,0.004162,2506,1230,1277,0.00159546,767685
0,8,1562981,0.0035444,2506,1230,1277,0.00159546,757531
0,9,1562981,0.0043567,2506,1230,1277,0.00159546,757571
0,0,2723906,0.0042939,3313,1700,1667,0.00116906,1531623
0,1,2723906,0.0044627,3313,1700,1667,0.00116906,1564128
0,2,2723906,0.650965,3313,1700,1667,0.00116906,1543013
0,3,2723906,1.81327,3313,1700,1667,0.00116906,1571787
0,4,2723906,0.0031025,3313,1700,1667,0.00116906,1941082
0,5,2723906,0.001853,3313,1700,1667,0.00116906,2705583
0,6,2723906,0.0049581,3313,1700,1667,0.00116906,1563018
0,7,2723906,0.0174557,3313,1700,1667,0.00116906,1562761
0,8,2723906,0.0062947,3313,1700,1667,0.00116906,1562683
0,9,2723906,0.0043676,3313,1700,1667,0.00116906,1533335
0,0,2955316,0.0042706,3466,1738,1731,0.00115208,2370118
0,1,2955316,0.0048306,3466,1738,1731,0.00115208,1760281
0,2,2955316,0.0228359,3466,1738,1731,0.00115208,2366267
0,3,2955316,7.7898,3466,1738,1731,0.00115208,1758414
0,4,2955316,0.004591,3466,1738,1731,0.00115208,2148364
0,5,2955316,0.001311,3466,1738,1731,0.00115208,2972751
0,6,2955316,0.0051418,3466,1738,1731,0.00115208,1760071
0,7,2955316,0.0036231,3466,1738,1731,0.00115208,1762120
0,8,2955316,0.0077574,3466,1738,1731,0.00115208,1762432
0,9,2955316,0.0041076,3466,1738,1731,0.00115208,2369602
0,0,3095113,0.0054796,3549,1804,1832,0.00107385,1775061
0,1,3095113,0.0059004,3549,1804,1832,0.00107385,1807052
0,2,3095113,1.26435,3549,1804,1832,0.00107385,1831561
0,3,3095113,4.9443,3549,1804,1832,0.00107385,1853241
0,4,3095113,0.0031452,3549,1804,1832,0.00107385,2254549
0,5,3095113,0.0014746,3549,1804,1832,0.00107385,3155614
0,6,3095113,0.0209406,3549,1804,1832,0.00107385,1818773
0,7,3095113,0.0062436,3549,1804,1832,0.00107385,1818233
0,8,3095113,0.0072183,3549,1804,1832,0.00107385,1818651
0,9,3095113,0.0048961,3549,1804,1832,0.00107385,1774679
0,0,775186,0.0043299,1759,674,673,0.00387785,475749
0,1,775186,0.0030106,1759,674,673,0.00387785,495400
0,2,775186,0.04738,1759,674,673,0.00387785,475979
0,3,775186,0.142387,1759,674,673,0.00387785,495989
0,4,775186,0.004035,1759,674,673,0.00387785,547089
0,5,775186,0.0008959,1759,674,673,0.00387785,773664
0,6,775186,0.0038624,1759,674,673,0.00387785,495147
0,7,775186,0.0081603,1759,674,673,0.00387785,496145
0,8,775186,0.003154,1759,674,673,0.00387785,477483
0,9,775186,0.0026675,1759,674,673,0.00387785,475741
0,0,1837045,0.0024645,2700,865,884,0.00353098,1133191
0,1,1837045,0.0028324,2700,865,884,0.00353098,1176432
0,2,1837045,0.0135252,2700,865,884,0.00353098,1132814
0,3,1837045,0.682109,2700,865,884,0.00353098,1175846
0,4,1837045,0.0018753,2700,865,884,0.00353098,1313302
0,5,1837045,0.001156,2700,865,884,0.00353098,1837990
0,6,1837045,0.0034637,2700,865,884,0.00353098,1175838
0,7,1837045,0.0025896,2700,865,884,0.00353098,1176329
0,8,1837045,0.0064284,2700,865,884,0.00353098,1176117
0,9,1837045,0.0018273,2700,865,884,0.00353098,1133184
0,0,1745819,0.0024473,2630,971,989,0.00273867,1035169
0,1,1745819,0.0021408,2630,971,989,0.00273867,1065517
0,2,1745819,0.0120485,2630,971,989,0.00273867,1035167
0,3,1745819,0.601181,2630,971,989,0.00273867,1065110
0,4,1745819,0.0106021,2630,971,989,0.00273867,1192460
0,5,1745819,0.0010205,2630,971,989,0.00273867,1703872
0,6,1745819,0.004681,2630,971,989,0.00273867,1065084
0,7,1745819,0.0029347,2630,971,989,0.00273867,1065514
0,8,1745819,0.0069493,2630,971,989,0.00273867,1065651
0,9,1745819,0.0023155,2630,971,989,0.00273867,1035379
0,0,340985,0.003808,4051,1179,1184,0.002902,228483
0,1,340985,0.0037279,4051,1179,1184,0.002902,235215
0,2,340985,0.0197389,4051,1179,1184,0.002902,227327
0,3,340985,4.62436,4051,1179,1184,0.002902,233116
0,4,340985,0.0082312,4051,1179,1184,0.002902,265869
0,5,340985,0.0009564,4051,1179,1184,0.002902,3992533
0,6,340985,0.0051709,4051,1179,1184,0.002902,234473
0,7,340985,0.0041217,4051,1179,1184,0.002902,235215
0,8,340985,0.005486,4051,1179,1184,0.002902,235202
0,9,340985,0.0033603,4051,1179,1184,0.002902,227237
0,0,569661,0.00411,5157,1531,1537,0.00219153,372106
0,1,569661,0.0040331,5157,1531,1537,0.00219153,382589
0,2,569661,0.318025,5157,1531,1537,0.00219153,371162
0,3,569661,5.1799,5157,1531,1537,0.00219153,381549
0,4,569661,0.0039075,5157,1531,1537,0.00219153,437178
0,5,569661,0.0025613,5157,1531,1537,0.00219153,6200302
0,6,569661,0.0056806,5157,1531,1537,0.00219153,381503
0,7,569661,0.0053934,5157,1531,1537,0.00219153,382589
0,8,569661,0.0276985,5157,1531,1537,0.00219153,376364
0,9,569661,0.0041667,5157,1531,1537,0.00219153,372106
0,0,901085967,0.113656,91183,45740,45444,4.38673e-05,4384465
0,1,901085967,0.112167,91183,45740,45444,4.38673e-05,359028
0,2,901085967,0.0966727,91183,45740,45444,4.38673e-05,4384465
0,3,901085967,0.119984,91183,45740,45444,4.38673e-05,359028
0,4,901085967,0.0989663,91183,45740,45444,4.38673e-05,26422000
0,5,901085967,0.0215315,91183,45740,45444,4.38673e-05,677416154
0,6,901085967,0.248278,91183,45740,45444,4.38673e-05,356994
0,7,901085967,0.129044,91183,45740,45444,4.38673e-05,359028
0,8,901085967,0.31048,91183,45740,45444,4.38673e-05,180446
0,9,901085967,0.114702,91183,45740,45444,4.38673e-05,4384465
0,0,121881,0.0091444,2532,720,724,0.00485727,79700
0,1,121881,0.0024841,2532,720,724,0.00485727,82062
0,2,121881,0.0784255,2532,720,724,0.00485727,79659
0,3,121881,0.215609,2532,720,724,0.00485727,81545
0,4,121881,0.003149,2532,720,724,0.00485727,94697
0,5,121881,0.0014695,2532,720,724,0.00485727,1489077
0,6,121881,0.0032651,2532,720,724,0.00485727,81451
0,7,121881,0.002825,2532,720,724,0.00485727,82062
0,8,121881,0.0028144,2532,720,724,0.00485727,83300
0,9,121881,0.0024231,2532,720,724,0.00485727,80021
0,0,250274,0.0029416,3335,1033,1038,0.00311027,162165
0,1,250274,0.0034673,3335,1033,1038,0.00311027,167007
0,2,250274,0.182461,3335,1033,1038,0.00311027,162126
0,3,250274,3.71648,3335,1033,1038,0.00311027,166307
0,4,250274,0.0042367,3335,1033,1038,0.00311027,189918
0,5,250274,0.0019214,3335,1033,1038,0.00311027,2591766
0,6,250274,0.0042335,3335,1033,1038,0.00311027,166469
0,7,250274,0.0124213,3335,1033,1038,0.00311027,166633
0,8,250274,0.0044729,3335,1033,1038,0.00311027,168717
0,9,250274,0.0030914,3335,1033,1038,0.00311027,162165
0,0,88652,0.0015788,1705,519,522,0.00629342,60240
0,1,88652,0.0019418,1705,519,522,0.00629342,61735
0,2,88652,0.0490828,1705,519,522,0.00629342,60089
0,3,88652,0.148824,1705,519,522,0.00629342,61549
0,4,88652,0.0022889,1705,519,522,0.00629342,70530
0,5,88652,0.0004068,1705,519,522,0.00629342,698627
0,6,88652,0.0027436,1705,519,522,0.00629342,61576
0,7,88652,0.0023574,1705,519,522,0.00629342,61730
0,8,88652,0.0021914,1705,519,522,0.00629342,63581
0,9,88652,0.0040855,1705,519,522,0.00629342,60092
0,0,221425,0.0023173,2389,769,773,0.00401893,133769
0,1,221425,0.0022943,2389,769,773,0.00401893,138569
0,2,221425,0.0810804,2389,769,773,0.00401893,133497
0,3,221425,2.13111,2389,769,773,0.00401893,138046
0,4,221425,0.0032528,2389,769,773,0.00401893,153067
0,5,221425,0.0006454,2389,769,773,0.00401893,1343016
0,6,221425,0.0029522,2389,769,773,0.00401893,138062
0,7,221425,0.0073074,2389,769,773,0.00401893,138557
0,8,221425,0.0030077,2389,769,773,0.00401893,135814
0,9,221425,0.0012804,2389,769,773,0.00401893,133502
0,0,5619004,0.0061491,4749,1352,1377,0.00255089,3637049
0,1,5619004,0.0284939,4749,1352,1377,0.00255089,3784395
0,2,5619004,0.232321,4749,1352,1377,0.00255089,3636787
0,3,5619004,6.08324,4749,1352,1377,0.00255089,3783724
0,4,5619004,0.0043574,4749,1352,1377,0.00255089,4166582
0,5,5619004,0.0021517,4749,1352,1377,0.00255089,5695692
0,6,5619004,0.0246638,4749,1352,1377,0.00255089,3783706
0,7,5619004,0.0045696,4749,1352,1377,0.00255089,3785011
0,8,5619004,0.0071795,4749,1352,1377,0.00255089,3636998
0,9,5619004,0.005271,4749,1352,1377,0.00255089,3637050
0,0,3853843,0.0040055,3906,1463,1429,0.00186834,2216427
0,1,3853843,0.0042848,3906,1463,1429,0.00186834,2277154
0,2,3853843,0.321228,3906,1463,1429,0.00186834,2216061
0,3,3853843,4.00731,3906,1463,1429,0.00186834,2276812
0,4,3853843,0.0034885,3906,1463,1429,0.00186834,2570069
0,5,3853843,0.0022522,3906,1463,1429,0.00186834,3778791
0,6,3853843,0.0053902,3906,1463,1429,0.00186834,2276847
0,7,3853843,0.0047582,3906,1463,1429,0.00186834,2277364
0,8,3853843,0.0149858,3906,1463,1429,0.00186834,2216066
0,9,3853843,0.0049304,3906,1463,1429,0.00186834,2216392
0,0,1189668,0.0042244,2161,2005,2097,0.000513975,615284
0,1,1189668,0.004134,2161,2005,2097,0.000513975,465519
0,2,1189668,0.0038795,2161,2005,2097,0.000513975,615284
0,3,1189668,0.397728,2161,2005,2097,0.000513975,465187
0,4,1189668,0.0035402,2161,2005,2097,0.000513975,523614
0,5,1189668,0.0015332,2161,2005,2097,0.000513975,1144110
0,6,1189668,0.0050463,2161,2005,2097,0.000513975,465386
0,7,1189668,0.0046034,2161,2005,2097,0.000513975,465519
0,8,1189668,0.0068454,2161,2005,2097,0.000513975,465268
0,9,1189668,0.0197366,2161,2005,2097,0.000513975,615122
0,0,2938205,0.0036767,3431,1180,1110,0.00261948,2012452
0,1,2938205,0.0039925,3431,1180,1110,0.00261948,1988520
0,2,2938205,12.4065,3431,1180,1110,0.00261948,2100498
0,3,2938205,39.2237,3431,1180,1110,0.00261948,2057388
0,4,2938205,0.0039253,3431,1180,1110,0.00261948,2363814
0,5,2938205,0.0017974,3431,1180,1110,0.00261948,2880299
0,6,2938205,0.0044871,3431,1180,1110,0.00261948,1983363
0,7,2938205,0.0047274,3431,1180,1110,0.00261948,1987910
0,8,2938205,0.011646,3431,1180,1110,0.00261948,2032791
0,9,2938205,0.0049422,3431,1180,1110,0.00261948,2027234
0,0,6618338,0.0044316,5182,1736,1719,0.00173649,4506437
0,1,6618338,0.006405,5182,1736,1719,0.00173649,4718398
0,2,6618338,97.6488,5182,1736,1719,0.00173649,4436288
0,3,6618338,5.75554,5182,1736,1719,0.00173649,4679138
0,4,6618338,0.0057282,5182,1736,1719,0.00173649,5679496
0,5,6618338,0.0025194,5182,1736,1719,0.00173649,6561885
0,6,6618338,0.0074295,5182,1736,1719,0.00173649,4719629
0,7,6618338,0.0227196,5182,1736,1719,0.00173649,4728540
0,8,6618338,0.0076328,5182,1736,1719,0.00173649,4516711
0,9,6618338,0.0232755,5182,1736,1719,0.00173649,4496408
0,0,86006719,0.0206166,18680,7006,9340,0.00028547,50433295
0,1,86006719,0.0255031,18680,7006,9340,0.00028547,48814506
0,2,86006719,10.7466,18680,7006,9340,0.00028547,51369741
0,3,86006719,20.7029,18680,7006,9340,0.00028547,48384822
0,4,86006719,0.0326516,18680,7006,9340,0.00028547,54504872
0,5,86006719,0.005918,18680,7006,9340,0.00028547,88260208
0,6,86006719,0.0531644,18680,7006,9340,0.00028547,49142452
0,7,86006719,0.029741,18680,7006,9340,0.00028547,48789734
0,8,86006719,0.0487492,18680,7006,9340,0.00028547,49329292
0,9,86006719,0.0273572,18680,7006,9340,0.00028547,49122806

